id;title;content;date
1;withdrawal Avon rich;payment matrices payment;2022-01-13T21:13:45
2;Supervisor Baby;Rubber;2022-01-13T14:58:29
3;Frozen Central circuit;state Wisconsin withdrawal;2022-01-13T03:12:10
4;Home Pizza synthesizing;optical Squares optical;2022-01-13T10:40:35
5;calculating Car Avon;Orchestrator integrate;2022-01-13T04:22:08
6;Switchable Industrial;Western multi-tasking;2022-01-13T15:26:48
7;navigate Valley Chips;Account;2022-01-13T11:06:51
8;withdrawal Concrete Florida;mission-critical copying;2022-01-13T15:37:57
9;Rubber Infrastructure;deposit Consultant;2022-01-13T05:34:18
10;initiatives;enhance;2022-01-13T13:05:39
